firstName,lastName,teamName,source,GP,MIN_avg,PTS_avg,REB_avg,AST_avg,STL_avg,BLK_avg,TO_avg,FG2_pct,FG3_pct,FT_pct,EVAL_avg
Nadir,Hifi,Paris,LNB,29.0,22.92,18.17,2.69,2.59,0.79,0.14,1.69,0.49670000000000003,0.3909,0.8731,14.83
Xavier,Castaneda,Bourg-en-Bresse,LNB,19.0,26.0,17.11,2.21,3.53,0.84,0.0,2.26,0.43,0.44439999999999996,0.7829,14.05
T.J.,Shorts,Paris,LNB,25.0,23.67,16.88,2.0,7.92,1.0,0.12,1.76,0.5913,0.39390000000000003,0.8305,20.36
Glynn,Watson Jr,Gravelines-Dunkerque,LNB,30.0,31.34,16.27,3.97,4.03,1.0,0.07,2.2,0.5109,0.375,0.8598,15.9
Théo,Maledon,Lyon-Villeurbanne,LNB,29.0,25.25,16.24,4.0,4.55,0.59,0.17,2.14,0.517,0.44439999999999996,0.8531,17.66
Trevor,Hudgins,Le Mans,LNB,27.0,25.25,16.04,1.81,2.85,0.56,0.04,1.04,0.5227,0.43479999999999996,0.9726,14.3
Nicolas,Lang,Limoges,LNB,30.0,31.8,16.0,2.5,3.53,0.37,0.03,1.3,0.48979999999999996,0.4355,0.8774,14.7
Shevon,Thompson,Nancy,LNB,30.0,28.18,15.23,7.3,0.83,0.67,0.8,2.07,0.6667000000000001,0.5,0.7845,18.83
Jeremiah,Hill,Chalon/Saône,LNB,30.0,28.75,15.17,3.6,5.93,1.37,0.1,2.2,0.5525,0.3533,0.8387,17.17
Jerome,Robinson,Saint-Quentin,LNB,30.0,25.4,15.13,3.13,2.27,0.87,0.27,2.47,0.4867,0.3785,0.856,12.37
Chris,Clemons,Nancy,LNB,27.0,28.79,14.89,2.59,3.89,1.26,0.04,2.52,0.4046,0.36,0.8602,12.04
Jordan,Usher,Bourg-en-Bresse,LNB,30.0,25.34,14.8,2.9,2.13,0.97,0.2,1.3,0.6243,0.38789999999999997,0.7623000000000001,14.2
Chris,Babb,Gravelines-Dunkerque,LNB,26.0,29.33,14.77,2.46,3.08,0.42,0.0,1.12,0.4375,0.3883,0.879,13.23
Gregor,Hrovat,Dijon,LNB,23.0,26.91,14.48,3.13,3.57,1.3,0.13,2.04,0.6203,0.39289999999999997,0.8956999999999999,15.78
Mike,James,Monaco,LNB,18.0,23.33,14.0,2.17,4.22,1.06,0.11,1.44,0.3871,0.40630000000000005,0.875,13.28
David,Holston,Dijon,LNB,18.0,26.09,13.72,1.72,5.94,1.17,0.06,2.39,0.5763,0.379,0.9048,14.33
Dominic,Artis,Strasbourg,LNB,29.0,28.8,13.48,2.69,3.48,1.28,0.34,2.03,0.5464,0.27449999999999997,0.7831,11.93
Ahmad,Caver,Nanterre,LNB,20.0,29.02,12.9,2.3,3.5,1.5,0.15,1.55,0.5041,0.375,0.8462000000000001,13.05
Dusan,Ristic,Chalon/Saône,LNB,30.0,24.02,12.87,6.57,1.27,0.4,0.2,1.4,0.6012,0.5,0.6324000000000001,15.27
Desi,Rodriguez,Nanterre,LNB,29.0,27.71,12.72,3.48,3.55,1.59,0.31,2.0,0.5794,0.2747,0.6053000000000001,13.24
Joffrey,Lauvergne,Lyon-Villeurbanne,LNB,21.0,18.5,12.62,4.05,1.14,0.19,0.05,1.29,0.6940000000000001,0.3333,0.7349,13.19
Tray,Buchanan,Le Mans,LNB,29.0,22.94,12.59,1.62,1.72,0.9,0.07,1.28,0.5,0.3741,0.8161,9.69
Justin,Tillman,Nanterre,LNB,28.0,21.55,12.57,4.86,0.43,0.39,0.21,1.11,0.5329999999999999,0.3175,0.8197,11.64
Tyson,Ward,Paris,LNB,27.0,22.09,12.56,4.3,1.41,0.85,0.41,1.22,0.5444,0.3961,0.716,12.48
Jordan,Loyd,Monaco,LNB,19.0,21.74,12.26,2.58,2.37,0.95,0.05,1.05,0.551,0.46880000000000005,0.9362,13.16
Benjamin,Sene,Nanterre,LNB,29.0,26.77,12.17,2.1,4.0,1.03,0.03,1.62,0.5256000000000001,0.42369999999999997,0.907,12.69
Jack,Nunge,Le Portel,LNB,29.0,26.62,12.1,6.62,1.93,0.72,1.07,1.28,0.6522,0.3243,0.8312999999999999,17.03
Paris,Lee,Lyon-Villeurbanne,LNB,25.0,23.6,12.0,1.52,3.6,0.92,0.0,1.04,0.5077,0.4214,0.8769,12.16
DeAndre,Gholston,Le Portel,LNB,30.0,25.76,12.0,2.6,1.53,0.87,0.13,2.13,0.4457,0.3386,0.8151999999999999,8.4
Clément,Frisch,Nancy,LNB,30.0,26.73,11.67,5.03,2.1,1.37,0.87,1.1,0.5185,0.4322,0.6042000000000001,14.47
Gerald,Ayayi,Cholet,LNB,30.0,22.74,11.6,3.63,2.63,0.77,0.1,2.7,0.5576,0.35710000000000003,0.8409,11.33
Nolan,Traore,Saint-Quentin,LNB,30.0,22.59,11.6,1.73,5.1,0.67,0.07,2.5,0.45159999999999995,0.304,0.7097,9.47
Jubrile,Belo,La Rochelle,LNB,30.0,26.71,11.47,5.03,0.63,0.67,0.77,1.73,0.5297,0.3,0.8231,12.57
Ivan,Fevrier,Le Portel,LNB,27.0,27.35,11.44,3.7,1.78,0.67,0.04,1.93,0.4803,0.35479999999999995,0.7111,9.59
Alpha,Diallo,Monaco,LNB,21.0,22.96,11.43,3.71,1.62,0.67,0.38,1.43,0.6381,0.3636,0.6053000000000001,11.48
Zeljko,Sakic,Chalon/Saône,LNB,27.0,25.31,11.37,4.04,2.48,0.37,0.04,1.89,0.5508,0.4167,0.7807999999999999,11.78
Digué,Diawara,Le Portel,LNB,30.0,27.88,11.37,4.73,1.13,1.0,0.67,1.57,0.5097,0.3564,0.7895,11.97
Stefan,Smith,Cholet,LNB,30.0,18.61,11.3,2.43,2.33,0.77,0.07,1.5,0.5042,0.3043,0.8636,10.17
Christian,Sengfelder,Dijon,LNB,30.0,22.97,11.3,4.17,0.93,0.3,0.1,1.07,0.5801,0.40299999999999997,0.8421,11.57
Bastien,Vautier,Cholet,LNB,24.0,21.3,11.25,4.92,2.38,0.54,0.29,1.75,0.6446,0.0,0.6829000000000001,14.04
Tajuan,Agee,Gravelines-Dunkerque,LNB,29.0,24.91,11.17,5.45,2.07,1.1,0.45,2.28,0.49729999999999996,0.2593,0.7075,11.59
Matthew,Strazel,Monaco,LNB,29.0,24.89,11.07,2.17,4.72,0.9,0.0,2.1,0.4742,0.41479999999999995,0.7439,11.55
Trevon,Bluiett,Limoges,LNB,29.0,28.19,11.07,3.1,2.34,0.55,0.07,1.17,0.4368,0.4354,0.7570999999999999,10.83
Kristers,Zoriks,Le Portel,LNB,30.0,27.62,11.07,1.93,3.53,0.57,0.07,1.9,0.5428999999999999,0.3381,0.8652,10.2
Caleb,Walker,Nancy,LNB,28.0,25.73,10.96,2.89,2.82,1.0,0.04,1.79,0.6591,0.32,0.61,11.11
Zac,Cuthbertson,Chalon/Saône,LNB,29.0,29.61,10.76,4.66,2.03,1.14,0.48,1.24,0.6134000000000001,0.39130000000000004,0.6693000000000001,13.34
Collin,Malcolm,Paris,LNB,24.0,19.67,10.63,3.38,1.17,0.38,0.13,0.71,0.6265,0.3776,0.7143,10.46
Markis,McDuffie,Dijon,LNB,29.0,25.63,10.52,3.62,1.41,0.55,0.17,0.76,0.48210000000000003,0.3333,0.8652,10.59
Noah,Penda,Le Mans,LNB,30.0,27.23,10.47,5.33,2.8,1.37,0.93,1.67,0.5318999999999999,0.3125,0.6916,13.73
TaShawn,Thomas,Le Mans,LNB,27.0,23.71,10.44,4.67,1.93,0.56,0.52,1.56,0.6626000000000001,0.2632,0.75,13.37
Dominik,Olejniczak,Saint-Quentin,LNB,29.0,22.47,10.38,7.34,0.79,0.45,0.79,1.55,0.5905,,0.7794,14.72
David,DiLeo,Le Mans,LNB,30.0,25.9,10.33,3.67,1.43,0.9,0.07,0.67,0.5217,0.4,0.8679000000000001,11.2
Brandon,Paul,Chalon/Saône,LNB,22.0,19.2,10.27,2.05,1.14,0.82,0.09,0.73,0.5556,0.3898,0.8,9.09
Lionel,Gaudoux,Chalon/Saône,LNB,28.0,23.53,10.25,5.0,1.57,0.71,0.5,1.96,0.6537999999999999,0.4,0.5513,12.46
Mouhammadou,Jaiteh,Monaco,LNB,22.0,17.62,10.23,5.5,0.91,0.95,0.5,1.5,0.6744,,0.622,13.27
Enzo,Goudou-Sinha,Saint-Quentin,LNB,19.0,20.8,10.21,1.74,3.0,0.79,0.0,1.63,0.5227,0.3846,0.9031999999999999,9.47
Souley,Boum,Limoges,LNB,21.0,20.51,10.05,2.05,2.48,0.52,0.0,1.29,0.5333,0.34149999999999997,0.8611,9.0
Elie,Okobo,Monaco,LNB,21.0,22.96,9.86,2.33,4.81,0.48,0.43,2.05,0.5049,0.22579999999999997,0.8714,10.71
Andre,Roberson,Lyon-Villeurbanne,LNB,28.0,23.91,9.82,6.29,2.0,1.07,1.0,1.96,0.6667000000000001,0.3521,0.6349,14.32
Maksim,Salash,Bourg-en-Bresse,LNB,28.0,21.16,9.75,3.86,0.96,0.89,0.46,1.14,0.5364,0.3,0.7953,10.54
Jamel,Morris,Chalon/Saône,LNB,16.0,22.61,9.44,1.75,1.81,0.38,0.06,1.63,0.4203,0.3676,0.6923,6.12
Adrian,Nelson,Bourg-en-Bresse,LNB,30.0,21.51,9.4,4.7,0.93,0.77,0.27,0.63,0.5307999999999999,0.35,0.7646999999999999,10.83
Nando,De Colo,Lyon-Villeurbanne,LNB,27.0,18.75,9.33,1.44,4.33,0.78,0.04,1.93,0.5294,0.3871,0.9473999999999999,10.56
Filip,Kruslin,Strasbourg,LNB,27.0,24.95,9.33,2.89,2.93,0.63,0.07,1.96,0.4,0.43310000000000004,0.8112999999999999,9.63
Milan,Barbitch,Nanterre,LNB,28.0,19.98,9.29,2.64,3.18,0.79,0.04,1.61,0.4667,0.375,0.8181999999999999,10.07
Alexandre,Chassang,Limoges,LNB,23.0,24.14,9.26,4.96,2.65,0.65,0.39,1.57,0.5615,0.2708,0.6364,11.65
Roko,Prkacin,Nanterre,LNB,26.0,19.35,9.23,4.0,1.5,1.04,0.23,1.35,0.6584,0.0,0.6222,11.85
Joël,Ayayi,Bourg-en-Bresse,LNB,30.0,21.41,9.2,4.87,3.57,1.27,0.1,2.07,0.5912,0.4138,0.8077,13.6
Mohamed,Diarra,Limoges,LNB,30.0,20.34,9.13,6.27,1.83,0.67,1.03,1.57,0.5512,0.3049,0.5842,12.17
Brice,Dessert,Strasbourg,LNB,26.0,17.82,9.04,5.0,0.46,0.15,1.0,1.58,0.6879000000000001,,0.519,10.88
Cleveland,Melvin,Cholet,LNB,30.0,22.95,8.97,3.37,0.87,0.37,0.4,0.57,0.6,0.36840000000000006,0.3846,8.87
Isaiah,Washington,Nancy,LNB,28.0,19.37,8.93,2.04,2.96,0.46,0.11,1.64,0.5521,0.33020000000000005,0.8478,8.54
Ryan,Hawkins,La Rochelle,LNB,30.0,22.61,8.9,2.83,1.47,0.97,0.23,1.0,0.5942000000000001,0.3724,0.6389,9.0
Vitalis,Chikoko,Strasbourg,LNB,25.0,19.23,8.88,4.68,1.36,0.36,1.0,2.16,0.6769,0.0,0.7077,11.64
T.J.,Campbell,Cholet,LNB,27.0,21.52,8.78,1.52,4.3,0.56,0.0,1.48,0.519,0.37799999999999995,0.9254000000000001,10.19
Joshiko,Saibou,La Rochelle,LNB,20.0,18.04,8.75,1.9,1.55,0.6,0.15,1.4,0.475,0.3014,0.7674,6.4
Giovan,Oniangue,Saint-Quentin,LNB,29.0,26.08,8.72,2.38,1.07,0.83,0.14,1.0,0.5,0.35960000000000003,0.7419,7.28
Chris-Ebou,Ndow,Cholet,LNB,23.0,22.48,8.57,5.39,0.78,1.04,0.13,0.87,0.7027,0.3182,0.6818000000000001,11.52
Wilfried,Yeguete,Le Mans,LNB,30.0,22.63,8.47,6.93,2.4,1.2,0.03,1.67,0.5204,0.2,0.5402,12.77
Aaron,Wheeler,Cholet,LNB,24.0,18.45,8.42,3.42,0.92,0.33,0.38,1.42,0.6714,0.3824,0.6522,8.67
Clifton,Moore,La Rochelle,LNB,27.0,18.73,8.41,3.26,0.48,0.15,0.52,0.93,0.6875,0.35,0.6818000000000001,9.41
Hunter,Cattoor,Gravelines-Dunkerque,LNB,24.0,23.18,8.38,1.38,1.08,0.5,0.04,1.0,0.46149999999999997,0.36719999999999997,0.9473999999999999,6.33
Jamuni,McNeace,Cholet,LNB,24.0,17.41,8.33,4.21,0.67,0.88,0.63,0.96,0.6923,0.0,0.4545,11.04
Hugo,Benitez,Bourg-en-Bresse,LNB,28.0,21.57,8.21,2.21,5.04,1.14,0.07,1.43,0.5573,0.3333,0.9091,11.79
Maodo,Lô,Paris,LNB,21.0,17.04,8.14,1.24,2.95,0.67,0.0,1.62,0.5313,0.3718,0.9412,7.57
Vitto,Brown,Monaco,LNB,19.0,16.24,8.11,2.79,0.68,0.21,0.32,0.74,0.5435,0.5091,0.8695999999999999,8.68
Giorgi,Bezhanishvili,Gravelines-Dunkerque,LNB,19.0,20.67,8.11,3.89,0.89,0.53,0.21,1.42,0.6122,0.25,0.5952000000000001,8.84
Leopold,Delaunay,Le Mans,LNB,29.0,20.47,8.1,4.83,3.28,0.66,0.0,1.59,0.5041,0.3333,0.8571,11.45
Noah,Kirkwood,Saint-Quentin,LNB,23.0,20.94,8.04,3.35,2.96,0.96,0.26,1.91,0.5,0.3671,0.6087,9.26
Ilias,Kamardine,Dijon,LNB,29.0,17.99,7.97,1.62,1.9,0.69,0.24,0.83,0.4512,0.3846,0.8222,7.55
Matheo,Leray,La Rochelle,LNB,27.0,27.36,7.93,3.44,6.41,1.59,0.11,3.11,0.4578,0.3017,0.6346,11.0
Kenny,Baptiste,Limoges,LNB,28.0,24.75,7.82,4.29,1.57,0.89,0.5,1.14,0.5278,0.275,0.6667000000000001,9.86
Jakub,Niziol,La Rochelle,LNB,21.0,20.04,7.67,2.52,1.9,0.43,0.1,1.24,0.5714,0.2857,0.6596,6.86
Antony,Labanca,Nancy,LNB,28.0,22.96,7.64,1.07,2.64,0.36,0.04,1.29,0.5306000000000001,0.4017,0.8077,6.96
Michael,Stockton,Chalon/Saône,LNB,23.0,24.34,7.61,3.04,5.48,1.3,0.0,2.13,0.46840000000000004,0.3538,0.7442,11.17
Neal,Sako,Lyon-Villeurbanne,LNB,28.0,22.11,7.61,6.11,0.68,0.57,0.68,1.07,0.6423000000000001,,0.4625,11.29
Gavin,Ware,Dijon,LNB,29.0,15.3,7.45,3.34,0.9,0.28,0.21,0.9,0.6327,0.125,0.9,9.07
Williams,Narace,Le Mans,LNB,28.0,19.3,7.43,3.39,0.68,0.5,0.43,1.46,0.5508,0.19399999999999998,0.5065,5.79
Brandon,Jefferson,Bourg-en-Bresse,LNB,17.0,21.48,7.41,0.88,3.0,0.71,0.0,0.76,0.4643,0.3418,0.9048,7.18
Jean-Marc,Pansa,Bourg-en-Bresse,LNB,29.0,16.39,7.38,4.21,0.41,0.38,0.86,1.07,0.5674,1.0,0.6456000000000001,9.1
Melvin,Ajinca,Lyon-Villeurbanne,LNB,23.0,18.75,7.35,1.74,0.65,0.52,0.09,0.65,0.44189999999999996,0.3514,1.0,5.52
Kevin,Kokila,Bourg-en-Bresse,LNB,30.0,19.31,7.33,4.17,0.77,0.53,0.73,1.1,0.5748,0.0,0.7326999999999999,9.7
Axel,Julien,Dijon,LNB,28.0,24.5,7.32,2.36,6.14,0.86,0.07,1.75,0.5902000000000001,0.2688,0.8656999999999999,11.36
Phil,Booth,Dijon,LNB,22.0,19.83,7.14,2.55,1.91,0.5,0.05,1.36,0.5217,0.36729999999999996,0.7381,7.36
Mikael,Jantunen,Paris,LNB,22.0,19.47,7.14,3.77,0.95,0.45,0.14,0.68,0.6552,0.5,0.9444,9.73
Jaron,Blossomgame,Monaco,LNB,29.0,18.87,7.14,2.69,0.52,0.31,0.28,0.55,0.6489,0.3175,0.5814,7.14
Kevarrius,Hayes,Paris,LNB,24.0,19.43,7.08,4.75,0.58,0.79,0.79,1.42,0.7912,,0.7429000000000001,11.42
Thomas,Cornely,Gravelines-Dunkerque,LNB,26.0,18.3,6.96,2.58,2.27,1.04,0.04,1.08,0.4828,0.425,0.807,8.77
Petr,Cornelie,Monaco,LNB,25.0,17.27,6.96,4.44,0.88,0.36,0.52,0.84,0.7,0.3171,0.8043,10.0
Jeff,Roberson,Strasbourg,LNB,30.0,18.92,6.93,2.9,1.23,0.37,0.17,1.27,0.5938,0.3065,0.8222,7.33
Valentin,Chery,Gravelines-Dunkerque,LNB,29.0,20.16,6.93,4.59,1.38,0.55,0.24,0.86,0.5588000000000001,0.0,0.5568,9.34
Zacharie,Perrin,Nancy,LNB,29.0,18.98,6.83,4.34,1.45,0.14,0.24,1.1,0.6667000000000001,0.125,0.4054,8.07
Paul,Lacombe,Nanterre,LNB,29.0,26.36,6.83,4.31,2.9,1.07,0.24,1.83,0.5556,0.2206,0.7173999999999999,9.59
Sebastian,Herrera,Paris,LNB,21.0,18.14,6.76,1.38,1.14,0.57,0.1,0.81,0.44439999999999996,0.3711,0.9,5.67
Hugo,Invernizzi,Strasbourg,LNB,27.0,24.81,6.7,4.44,1.96,0.63,0.19,0.96,0.5385,0.34909999999999997,0.7568,9.41
Abdoulaye,Ndoye,Le Mans,LNB,20.0,22.7,6.65,3.5,3.7,0.65,0.3,1.7,0.5,0.29410000000000003,0.7037,9.4
Edwin,Jackson,Lyon-Villeurbanne,LNB,20.0,19.02,6.65,1.85,1.0,0.3,0.1,1.05,0.44189999999999996,0.3594,0.8966,5.45
Yakuba,Ouattara,Paris,LNB,30.0,16.98,6.57,2.2,1.13,0.43,0.07,0.87,0.5366,0.3085,0.7857,5.9
Yohan,Choupas,Chalon/Saône,LNB,30.0,20.04,6.37,1.5,1.1,0.43,0.1,1.03,0.46149999999999997,0.36560000000000004,0.8913,5.4
Allan,Dokossi,Dijon,LNB,26.0,17.29,6.35,5.92,1.46,0.73,0.42,1.08,0.7444,0.1875,0.42310000000000003,11.27
Lucas,Dussoulier,Nanterre,LNB,25.0,20.26,6.28,3.16,0.84,0.68,0.24,0.36,0.6315999999999999,0.37329999999999997,0.7576,8.08
Mohammad,Amini,Nancy,LNB,30.0,16.72,6.27,2.73,1.13,0.8,0.2,0.67,0.6742,0.3125,0.5846,7.87
Khalid,Moore,Saint-Quentin,LNB,30.0,19.84,6.13,4.13,0.87,0.6,0.1,0.97,0.5217,0.3556,0.7406999999999999,7.97
Roman,Domon,Gravelines-Dunkerque,LNB,29.0,17.35,6.1,2.97,0.9,0.38,0.07,0.66,0.5571,0.2807,0.7612000000000001,6.72
Vafessa,Fofana,Gravelines-Dunkerque,LNB,30.0,24.61,6.1,4.8,1.17,0.67,0.33,1.27,0.5443,0.2747,0.6875,8.07
Mamadou,Guisse,Limoges,LNB,30.0,16.09,6.07,2.07,0.73,0.57,0.17,0.73,0.5524,0.2857,0.5915,5.67
Bandja,Sy,Paris,LNB,28.0,17.52,5.93,2.54,0.82,0.39,0.57,0.89,0.6757,0.3651,0.7705,7.0
Shaquille,Harrison,Lyon-Villeurbanne,LNB,29.0,17.87,5.93,2.38,2.31,1.07,0.1,1.38,0.5904,0.24530000000000002,0.6731,7.28
Georgios,Papagiannis,Monaco,LNB,24.0,16.3,5.79,3.58,0.58,0.21,1.42,0.92,0.6154,0.3235,0.9091,8.42
Mathieu,Boyer,Le Portel,LNB,27.0,14.86,5.78,3.74,0.78,0.26,0.26,1.0,0.5526,,0.5882000000000001,7.15
Mohamed,Diawara,Cholet,LNB,27.0,19.47,5.78,3.11,1.44,0.56,0.11,0.81,0.4487,0.3099,0.4878,6.0
David,Lighty,Lyon-Villeurbanne,LNB,28.0,19.49,5.57,2.04,1.5,0.57,0.07,0.86,0.6154,0.3824,0.6667000000000001,6.43
Nathan,De Sousa,Cholet,LNB,27.0,18.72,5.56,2.37,5.15,1.15,0.0,2.07,0.475,0.1884,0.7,7.96
Juhann,Begarin,Monaco,LNB,19.0,15.55,5.47,2.16,0.84,0.63,0.42,0.47,0.4,0.41859999999999997,0.4828,5.53
Vincent,Amsellem,Limoges,LNB,29.0,15.64,5.41,1.62,2.48,0.52,0.07,1.14,0.42310000000000003,0.3,0.7037,5.21
Devin,Oliver,Nancy,LNB,19.0,19.44,5.32,3.21,1.53,0.26,0.05,1.32,0.45649999999999996,0.3111,0.7391,5.79
Donatas,Motiejunas,Monaco,LNB,24.0,12.52,5.17,2.58,1.5,0.38,0.17,1.29,0.6812,0.23079999999999998,0.6774,6.75
Lucas,Beaufort,Limoges,LNB,30.0,19.67,5.17,2.47,3.03,0.87,0.13,1.53,0.4667,0.3333,0.7273000000000001,7.23
Gaetan,Clerc,La Rochelle,LNB,29.0,21.81,5.14,1.72,2.31,0.83,0.0,0.79,0.4043,0.3011,0.8181999999999999,5.79
Robin,Ducoté,Dijon,LNB,26.0,14.48,5.12,0.81,0.42,0.42,0.0,0.35,0.5625,0.47619999999999996,0.7778,4.54
Tarik,Black,Lyon-Villeurbanne,LNB,26.0,12.17,5.0,2.27,0.46,0.42,0.27,1.12,0.6757,,0.6122,5.65
Loic,Schwartz,Saint-Quentin,LNB,25.0,17.81,4.92,2.08,1.2,0.44,0.12,0.48,0.43479999999999996,0.3448,1.0,5.48
Léopold,Cavaliere,Paris,LNB,30.0,16.65,4.9,4.4,1.0,0.3,0.1,0.8,0.8088,0.23809999999999998,0.6875,8.6
Jean-Baptiste,Maille,Strasbourg,LNB,30.0,18.35,4.9,3.83,3.53,0.73,0.03,1.73,0.5861999999999999,0.4118,0.7872,9.5
Lucas,Hergott,La Rochelle,LNB,18.0,18.69,4.89,2.22,2.28,0.83,0.0,1.17,0.5111,0.22219999999999998,0.7059000000000001,6.61
Terry,Tarpey,Monaco,LNB,28.0,17.07,4.64,3.61,1.0,1.0,0.21,0.79,0.6341,0.34380000000000005,0.7059000000000001,7.46
Olivier,Cortale,Chalon/Saône,LNB,20.0,11.63,4.0,2.35,0.55,0.2,0.1,0.8,0.5686,,0.7097,4.85
William,Pfister,Saint-Quentin,LNB,30.0,21.67,4.0,4.77,0.73,0.6,0.1,0.7,0.7121,0.21050000000000002,0.56,8.0
Lahaou,Konaté,Le Portel,LNB,30.0,22.82,3.93,2.17,1.47,1.07,0.13,0.8,0.41859999999999997,0.3016,0.9615,5.63
Jerome,Sanchez,La Rochelle,LNB,30.0,15.57,3.67,2.0,1.57,0.43,0.1,0.67,0.46380000000000005,0.2,0.7568,4.77
Maxime,Courby,Bourg-en-Bresse,LNB,21.0,14.71,3.38,1.71,1.0,0.43,0.14,0.52,0.5455,0.4286,0.8234999999999999,4.81
Soren,Bracq,Cholet,LNB,25.0,9.56,3.0,0.6,1.24,0.36,0.0,0.44,0.3846,0.4722,0.4,3.12
Illan,Pietrus,Strasbourg,LNB,25.0,10.19,2.88,0.4,0.68,0.24,0.04,0.6,0.40740000000000004,0.3333,0.7857,1.84
Lucas,Boucaud,Saint-Quentin,LNB,26.0,12.21,2.85,0.96,1.58,0.38,0.04,0.96,0.35479999999999995,0.1852,0.5172,1.92
Enzo,Shahrvin,Saint-Quentin,LNB,25.0,11.68,2.68,4.24,0.68,0.2,0.68,1.52,0.6383,0.0,0.5,5.96
Maxence,Lemoine,Strasbourg,LNB,21.0,8.13,2.67,0.33,0.57,0.19,0.1,0.71,0.3846,0.3043,0.7143,1.33
Akram,Naji,Chalon/Saône,LNB,20.0,4.95,2.55,0.35,0.3,0.25,0.1,0.65,0.6154,0.25,0.8125,1.95
Jean-Philippe,Dally,Dijon,LNB,22.0,8.83,2.36,1.32,0.09,0.36,0.05,0.18,0.3704,0.25,0.85,2.41
Evan,Boisdur,Gravelines-Dunkerque,LNB,18.0,8.3,2.22,0.56,0.5,0.28,0.06,0.5,0.5625,0.2143,0.6842,1.78
Lucas,Fischer,Nanterre,LNB,30.0,11.06,2.1,1.17,0.6,0.37,0.27,0.77,0.5,0.0909,0.6129,2.03
Boris,Bourichon,La Rochelle,LNB,16.0,10.53,1.69,1.38,1.0,0.38,0.0,0.69,0.5238,0.0,0.625,2.88
Gaetan,Meyniel,Le Portel,LNB,16.0,12.09,1.31,1.25,1.94,0.5,0.19,1.25,0.4211,0.0,0.7143,2.75
CARSEN,EDWARDS,FC Bayern Munich,EuroLeague,35.0,28.82523809523809,20.4,2.3,3.3,1.0,0.1,2.3,0.539,0.35600000000000004,0.91,16.7
KENDRICK,NUNN,Panathinaikos AKTOR Athens,EuroLeague,40.0,30.82708333333333,20.0,3.5,4.2,1.0,0.2,2.8,0.563,0.392,0.862,18.7
SASHA,VEZENKOV,Olympiacos Piraeus,EuroLeague,38.0,30.39342105263158,19.8,6.6,1.8,0.9,0.2,1.1,0.645,0.382,0.8859999999999999,23.7
TJ,SHORTS,Paris Basketball,EuroLeague,37.0,27.32927927927928,19.0,2.6,7.3,1.0,0.1,2.3,0.52,0.361,0.7340000000000001,22.8
NIKOLA,MIROTIC,EA7 Emporio Armani Milan,EuroLeague,30.0,27.487222222222226,17.7,6.4,2.0,1.0,0.3,1.9,0.55,0.389,0.893,22.0
THEO,MALEDON,LDLC ASVEL Villeurbanne,EuroLeague,33.0,27.593434343434343,17.0,3.5,4.6,1.0,0.2,2.9,0.525,0.344,0.904,20.6
NIGEL,HAYES-DAVIS,Fenerbahce Beko Istanbul,EuroLeague,39.0,31.34230769230769,16.7,5.3,1.7,1.1,0.3,1.4,0.498,0.41,0.9079999999999999,18.3
KEVIN,PUNTER,FC Barcelona,EuroLeague,37.0,27.07702702702703,16.6,2.2,3.0,1.3,0.0,1.6,0.539,0.386,0.9440000000000001,16.5
EVAN,FOURNIER,Olympiacos Piraeus,EuroLeague,37.0,25.79144144144144,16.1,2.2,2.6,1.1,0.1,1.8,0.507,0.358,0.735,12.6
ZACH,LEDAY,EA7 Emporio Armani Milan,EuroLeague,34.0,27.644117647058824,16.0,4.5,1.2,0.7,0.1,1.3,0.532,0.462,0.915,19.4
MIKE,JAMES,AS Monaco,EuroLeague,41.0,29.341463414634145,15.9,3.0,5.8,1.1,0.0,1.9,0.44799999999999995,0.33,0.789,17.4
TORNIKE,SHENGELIA,Virtus Bologna,EuroLeague,28.0,27.45595238095238,15.6,5.0,2.7,0.7,0.4,2.5,0.513,0.36200000000000004,0.8240000000000001,17.5
NADIR,HIFI,Paris Basketball,EuroLeague,38.0,19.967543859649123,15.1,2.1,1.3,0.6,0.0,1.5,0.489,0.34299999999999997,0.857,10.6
DEVIN,BOOKER,FC Bayern Munich,EuroLeague,28.0,26.258333333333333,14.9,4.7,1.6,0.7,0.2,1.6,0.5870000000000001,0.405,0.825,16.2
MARIO,HEZONJA,Real Madrid,EuroLeague,38.0,27.06184210526316,14.9,5.3,1.5,0.8,0.1,1.6,0.615,0.315,0.8190000000000001,14.3
JAYLEN,HOARD,Maccabi Rapyd Tel Aviv,EuroLeague,24.0,30.64027777777778,14.7,5.0,1.4,1.3,0.2,0.9,0.616,0.324,0.784,17.5
SYLVAIN,FRANCISCO,Zalgiris Kaunas,EuroLeague,34.0,25.49117647058824,14.6,2.6,4.5,0.9,0.4,2.9,0.479,0.342,0.7559999999999999,15.6
CARLIK,JONES,Partizan Mozzart Bet Belgrade,EuroLeague,34.0,26.96421568627451,14.1,3.2,5.4,1.0,0.1,1.8,0.509,0.319,0.852,17.3
CHIMA,MONEKE,Baskonia Vitoria-Gasteiz,EuroLeague,33.0,28.203535353535354,14.0,6.1,2.3,0.9,0.3,1.9,0.645,0.295,0.813,18.6
ELIJAH,BRYANT,Anadolu Efes Istanbul,EuroLeague,38.0,27.03245614035088,13.8,4.2,3.1,1.2,0.2,2.2,0.49,0.365,0.9,14.4
JABARI,PARKER,FC Barcelona,EuroLeague,39.0,27.21410256410256,13.8,4.0,1.7,0.8,0.2,1.5,0.557,0.38299999999999995,0.794,12.4
WILL,CLYBURN,Virtus Bologna,EuroLeague,24.0,27.43055555555556,13.8,4.7,2.4,1.1,0.2,1.4,0.517,0.341,0.8170000000000001,15.4
FILIP,PETRUSEV,Olympiacos Piraeus;Crvena Zvezda Meridianbet Belgrade,EuroLeague,32.0,20.1453125,13.0,4.6,1.6,0.7,0.5,1.2,0.624,0.268,0.675,14.7
ROMAN,SORKIN,Maccabi Rapyd Tel Aviv,EuroLeague,33.0,23.36060606060606,12.9,4.1,1.1,0.5,0.5,1.5,0.5770000000000001,0.341,0.847,11.9
ROKAS,JOKUBAITIS,Maccabi Rapyd Tel Aviv,EuroLeague,28.0,24.464285714285715,12.6,3.2,4.6,1.0,0.0,2.6,0.602,0.371,0.857,15.6
ELIE,OKOBO,AS Monaco,EuroLeague,35.0,25.16333333333333,12.5,1.9,4.1,1.1,0.2,1.8,0.498,0.389,0.878,13.4
STERLING,BROWN,Partizan Mozzart Bet Belgrade,EuroLeague,34.0,25.762254901960784,12.4,3.0,2.1,0.8,0.2,1.4,0.575,0.469,0.929,11.5
DZANAN,MUSA,Real Madrid,EuroLeague,35.0,21.78619047619048,12.2,2.9,2.0,0.4,0.1,1.7,0.5329999999999999,0.37200000000000005,0.812,12.5
MARKUS,HOWARD,Baskonia Vitoria-Gasteiz,EuroLeague,32.0,22.3390625,12.1,1.3,1.5,0.3,0.0,1.4,0.444,0.33899999999999997,0.85,6.2
ISAIA,CORDINIER,Virtus Bologna,EuroLeague,34.0,26.9156862745098,12.0,3.9,3.9,0.7,0.3,2.0,0.568,0.27699999999999997,0.7979999999999999,13.6
LEVI,RANDOLPH,Maccabi Rapyd Tel Aviv,EuroLeague,33.0,27.725757575757576,12.0,3.8,1.8,0.6,0.0,1.2,0.48200000000000004,0.39,0.915,12.2
FACUNDO,CAMPAZZO,Real Madrid,EuroLeague,39.0,25.74017094017094,12.0,3.1,6.0,1.0,0.1,2.3,0.561,0.33799999999999997,0.86,17.5
SHAVON,SHIELDS,EA7 Emporio Armani Milan,EuroLeague,28.0,27.55535714285714,12.0,3.6,2.6,0.7,0.0,1.5,0.532,0.42200000000000004,0.727,13.3
SHANE,LARKIN,Anadolu Efes Istanbul,EuroLeague,28.0,26.198214285714283,11.7,2.6,4.5,1.2,0.0,1.8,0.48100000000000004,0.39299999999999996,0.8690000000000001,15.5
TYRIQUE,JONES,Partizan Mozzart Bet Belgrade,EuroLeague,32.0,22.633854166666666,11.6,6.0,1.0,1.1,0.7,1.7,0.632,0.0,0.664,16.0
ALPHA,DIALLO,AS Monaco,EuroLeague,35.0,26.562380952380952,11.5,4.0,1.7,1.0,0.3,1.2,0.606,0.44,0.667,12.2
NANDO,DE COLO,LDLC ASVEL Villeurbanne,EuroLeague,32.0,20.593229166666667,11.5,1.7,4.5,0.8,0.0,2.3,0.528,0.385,0.948,13.1
YANNI,WETZELL,ALBA Berlin,EuroLeague,28.0,20.853571428571428,11.2,4.4,1.6,0.8,0.2,1.5,0.573,0.35700000000000004,0.6579999999999999,11.4
WADE,BALDWIN IV,Fenerbahce Beko Istanbul,EuroLeague,27.0,24.224691358024693,11.1,2.7,3.7,0.9,0.1,2.1,0.47600000000000003,0.309,0.797,11.0
TYSON,WARD,Paris Basketball,EuroLeague,38.0,26.346929824561403,11.0,4.9,1.3,0.9,0.2,1.0,0.589,0.332,0.759,11.3
CHIMEZIE,METU,FC Barcelona,EuroLeague,24.0,20.038194444444446,11.0,4.8,1.0,0.6,0.6,1.7,0.624,0.364,0.75,11.8
MARKO,GUDURIC,Fenerbahce Beko Istanbul,EuroLeague,36.0,22.038425925925925,10.9,2.6,3.1,0.7,0.1,2.0,0.5820000000000001,0.384,0.883,11.9
TARIK,BIBEROVIC,Fenerbahce Beko Istanbul,EuroLeague,37.0,22.48513513513513,10.4,3.1,1.4,0.5,0.2,1.2,0.514,0.43200000000000005,0.833,8.4
SHABAZZ,NAPIER,FC Bayern Munich,EuroLeague,33.0,20.602020202020203,10.3,2.3,3.2,1.1,0.0,1.9,0.544,0.41100000000000003,0.9440000000000001,11.6
CODI,MILLER-MCINTYRE,Crvena Zvezda Meridianbet Belgrade,EuroLeague,35.0,25.374285714285715,10.3,3.1,4.6,0.6,0.0,2.1,0.525,0.305,0.7140000000000001,10.0
ANDREAS,OBST,FC Bayern Munich,EuroLeague,36.0,23.862962962962964,10.2,1.9,1.5,0.5,0.0,1.2,0.41200000000000003,0.425,0.741,7.0
WALTER,TAVARES,Real Madrid,EuroLeague,40.0,23.26333333333333,10.2,6.6,1.2,0.7,1.2,2.0,0.738,0.0,0.722,15.3
MAODO,LO,Paris Basketball,EuroLeague,29.0,17.17183908045977,10.0,1.5,2.1,0.4,0.0,1.3,0.575,0.33299999999999996,0.778,8.0
DARIO,BRIZUELA,FC Barcelona,EuroLeague,36.0,18.34583333333333,10.0,1.4,2.2,0.4,0.1,1.3,0.5329999999999999,0.46,0.7959999999999999,8.4
ISAIAH,CANAAN,Crvena Zvezda Meridianbet Belgrade,EuroLeague,35.0,21.01904761904762,10.0,1.5,1.3,0.6,0.0,0.9,0.46799999999999997,0.38299999999999995,0.8640000000000001,6.7
TIMOTHE,LUWAWU-CABARROT,Baskonia Vitoria-Gasteiz,EuroLeague,26.0,24.941025641025643,10.0,3.2,2.0,0.8,0.2,2.0,0.434,0.337,0.848,7.3
JUANCHO,HERNANGOMEZ,Panathinaikos AKTOR Athens,EuroLeague,40.0,27.32125,10.0,7.0,1.4,0.9,0.3,0.6,0.569,0.43,0.631,15.3
BRANDON,DAVIES,Partizan Mozzart Bet Belgrade,EuroLeague,33.0,18.717676767676767,9.9,3.6,1.5,0.9,0.4,1.4,0.514,0.49200000000000005,0.595,10.8
TREVION,WILLIAMS,ALBA Berlin;Maccabi Rapyd Tel Aviv,EuroLeague,32.0,19.89739583333333,9.8,6.5,2.4,0.6,0.5,2.4,0.5489999999999999,0.267,0.667,10.9
GABRIELE,PROCIDA,ALBA Berlin,EuroLeague,26.0,20.512179487179488,9.7,2.2,0.8,0.7,0.3,1.2,0.619,0.21899999999999997,0.7859999999999999,7.7
NIKOLAOS,ROGKAVOPOULOS,Baskonia Vitoria-Gasteiz,EuroLeague,33.0,18.716666666666665,9.7,3.9,1.0,0.5,0.1,0.5,0.527,0.435,0.8109999999999999,9.6
TRENT,FORREST,Baskonia Vitoria-Gasteiz,EuroLeague,34.0,24.780882352941177,9.7,2.8,4.7,0.8,0.2,1.9,0.522,0.32799999999999996,0.818,11.6
CEDI,OSMAN,Panathinaikos AKTOR Athens,EuroLeague,39.0,19.82264957264957,9.6,2.7,0.7,0.5,0.2,0.6,0.552,0.377,0.7909999999999999,8.5
MATTEO,SPAGNOLO,ALBA Berlin,EuroLeague,27.0,20.73827160493827,9.6,2.0,3.8,0.5,0.0,2.1,0.44799999999999995,0.261,0.797,8.9
MARTIN,HERMANNSSON,ALBA Berlin,EuroLeague,24.0,21.780555555555555,9.5,1.6,5.7,0.6,0.0,2.2,0.5,0.29,0.81,10.8
VINCENT,POIRIER,Anadolu Efes Istanbul,EuroLeague,39.0,21.361538461538466,9.5,5.0,1.2,0.6,1.3,0.9,0.659,0.0,0.7040000000000001,13.4
DARIUS,THOMPSON,Anadolu Efes Istanbul,EuroLeague,39.0,26.32991452991453,9.5,2.0,4.5,0.9,0.4,1.2,0.556,0.441,0.792,11.7
JORDAN,LOYD,AS Monaco;Maccabi Rapyd Tel Aviv,EuroLeague,35.0,21.19761904761905,9.4,2.9,1.7,0.6,0.1,1.1,0.521,0.369,0.897,9.0
NEMANJA,NEDOVIC,Crvena Zvezda Meridianbet Belgrade,EuroLeague,27.0,18.57469135802469,9.2,1.4,2.9,0.5,0.1,1.3,0.48100000000000004,0.391,0.812,8.3
KOSTAS,SLOUKAS,Panathinaikos AKTOR Athens,EuroLeague,39.0,21.746153846153845,9.1,2.0,4.8,0.8,0.1,1.6,0.45399999999999996,0.366,0.941,12.2
NIKOLA,KALINIC,Crvena Zvezda Meridianbet Belgrade,EuroLeague,35.0,27.185714285714287,9.0,4.1,2.6,0.8,0.1,1.7,0.5770000000000001,0.435,0.675,11.6
NEAL,SAKO,LDLC ASVEL Villeurbanne,EuroLeague,33.0,21.975252525252525,9.0,6.2,0.8,0.8,0.5,0.9,0.6809999999999999,0.0,0.57,12.4
JAN,VESELY,FC Barcelona,EuroLeague,24.0,21.17361111111111,9.0,3.6,1.9,1.1,0.5,0.9,0.5589999999999999,0.5,0.7609999999999999,11.6
TAMIR,BLATT,Maccabi Rapyd Tel Aviv,EuroLeague,26.0,24.183333333333334,8.9,2.4,6.7,0.5,0.0,2.9,0.45899999999999996,0.35600000000000004,0.95,11.7
RODRIGUE,BEAUBOIS,Anadolu Efes Istanbul,EuroLeague,33.0,18.870202020202026,8.9,1.4,1.6,0.7,0.3,0.5,0.5760000000000001,0.45899999999999996,0.8640000000000001,8.1
DAN,OTURU,Anadolu Efes Istanbul,EuroLeague,38.0,16.58815789473684,8.8,4.2,0.5,0.5,1.0,1.1,0.716,0.0,0.685,11.1
DONTA,HALL,Baskonia Vitoria-Gasteiz,EuroLeague,34.0,21.501470588235293,8.7,5.4,0.9,0.5,1.1,0.7,0.7140000000000001,0.0,0.691,14.4
NIGEL,WILLIAMS-GOSS,Olympiacos Piraeus,EuroLeague,35.0,22.90619047619048,8.6,2.1,3.4,0.7,0.1,1.8,0.478,0.35700000000000004,0.828,8.6
JERIAN,GRANT,Panathinaikos AKTOR Athens,EuroLeague,41.0,26.865040650406502,8.6,2.1,3.2,0.9,0.1,0.8,0.55,0.43,0.847,10.6
NICCOLO,MANNION,EA7 Emporio Armani Milan,EuroLeague,27.0,22.02469135802469,8.5,1.4,4.0,0.7,0.0,2.3,0.573,0.33,0.82,7.8
DAVID,MCCORMACK,ALBA Berlin;EA7 Emporio Armani Milan,EuroLeague,28.0,16.336309523809526,8.4,4.6,0.6,0.8,0.1,1.7,0.604,0.0,0.725,9.6
DEIVIDAS,SIRVYDIS,Zalgiris Kaunas,EuroLeague,34.0,16.54264705882353,8.4,2.6,0.8,0.5,0.1,1.1,0.515,0.38799999999999996,0.691,7.0
ANDRE,ROBERSON,LDLC ASVEL Villeurbanne,EuroLeague,25.0,25.840666666666667,8.4,6.2,1.4,1.2,1.1,1.6,0.524,0.35700000000000004,0.61,10.5
OMER,YURTSEVEN,Panathinaikos AKTOR Athens,EuroLeague,31.0,14.579569892473115,8.4,4.0,0.6,0.4,0.7,1.4,0.633,0.4,0.708,9.4
MATTHEW,STRAZEL,AS Monaco,EuroLeague,41.0,20.24878048780488,8.3,1.2,2.4,0.5,0.0,1.0,0.505,0.41,0.843,8.0
FABIEN,CAUSEUR,EA7 Emporio Armani Milan,EuroLeague,22.0,21.018181818181816,8.3,2.8,1.7,1.0,0.1,0.9,0.596,0.528,0.769,9.9
PARIS,LEE,LDLC ASVEL Villeurbanne,EuroLeague,26.0,22.016666666666666,8.3,1.5,3.1,0.8,0.0,1.1,0.3,0.341,0.8420000000000001,7.0
WILLY,HERNANGOMEZ,FC Barcelona,EuroLeague,34.0,15.836764705882354,8.2,4.1,0.5,0.6,0.1,1.1,0.6409999999999999,0.0,0.6729999999999999,10.8
NICK,WEILER-BABB,FC Bayern Munich,EuroLeague,34.0,26.347549019607843,8.2,4.1,4.9,1.5,0.1,1.6,0.5670000000000001,0.435,0.727,12.9
IGNAS,BRAZDEIKIS,Zalgiris Kaunas,EuroLeague,29.0,17.655172413793103,8.2,3.2,1.4,0.3,0.1,0.9,0.522,0.24,0.8859999999999999,7.6
NIKOLA,MILUTINOV,Olympiacos Piraeus,EuroLeague,29.0,19.86264367816092,8.2,5.8,0.8,0.6,0.7,0.6,0.5820000000000001,0.0,0.8370000000000001,14.4
ALEN,SMAILAGIC,Zalgiris Kaunas,EuroLeague,29.0,15.004597701149423,8.1,2.9,0.4,0.4,0.6,0.9,0.677,0.349,0.735,7.8
ALEC,PETERS,Olympiacos Piraeus,EuroLeague,40.0,16.43208333333333,8.1,2.6,0.8,0.3,0.0,0.4,0.5529999999999999,0.523,0.938,9.0
ANTE,ZIZIC,Virtus Bologna,EuroLeague,25.0,16.474,8.0,3.8,0.3,0.3,0.6,0.8,0.642,0.0,0.644,9.5
GABRIEL,DECK,Real Madrid,EuroLeague,28.0,23.37559523809524,8.0,3.2,1.4,0.5,0.2,1.0,0.618,0.41200000000000003,0.654,8.6
IFFE,LUNDBERG,Partizan Mozzart Bet Belgrade,EuroLeague,26.0,24.91217948717949,7.9,2.2,3.0,0.9,0.0,1.1,0.349,0.34600000000000003,0.8,7.3
MATTHEW,MORGAN,Virtus Bologna,EuroLeague,34.0,18.65686274509804,7.8,1.7,2.6,0.5,0.0,1.0,0.56,0.271,0.925,7.6
DEVON,HALL,Fenerbahce Beko Istanbul,EuroLeague,32.0,23.472395833333334,7.8,2.2,3.4,0.5,0.1,1.3,0.536,0.387,0.8220000000000001,8.8
JARON,BLOSSOMGAME,AS Monaco,EuroLeague,40.0,24.065,7.7,4.1,0.5,0.4,0.2,0.4,0.613,0.312,0.638,9.1
ISAAC,BONGA,Partizan Mozzart Bet Belgrade,EuroLeague,30.0,24.98,7.7,4.5,1.1,0.7,0.5,0.7,0.49200000000000005,0.41200000000000003,0.9329999999999999,9.8
COLLIN,MALCOLM,Paris Basketball,EuroLeague,33.0,18.953535353535354,7.7,2.5,1.2,0.4,0.2,0.7,0.5529999999999999,0.327,0.7709999999999999,7.2
ARMONI,BROOKS,EA7 Emporio Armani Milan,EuroLeague,32.0,15.011979166666666,7.6,2.0,0.8,0.5,0.1,0.5,0.45799999999999996,0.413,0.966,6.1
JORDAN,NWORA,Anadolu Efes Istanbul,EuroLeague,37.0,16.82162162162162,7.6,3.3,0.8,0.5,0.2,1.3,0.508,0.345,0.865,6.8
SHAQUIELLE,MCKISSIC,Olympiacos Piraeus,EuroLeague,38.0,16.432894736842105,7.6,2.1,1.6,0.5,0.0,1.0,0.627,0.312,0.652,7.2
NENO,DIMITRIJEVIC,EA7 Emporio Armani Milan,EuroLeague,27.0,16.849382716049384,7.6,1.6,2.9,0.4,0.0,1.5,0.451,0.237,0.873,6.5
MAM,JAITEH,AS Monaco,EuroLeague,31.0,14.638709677419357,7.5,4.0,0.6,0.5,0.3,1.1,0.6559999999999999,0.0,0.632,9.0
MIKAEL,JANTUNEN,Paris Basketball,EuroLeague,38.0,25.51315789473684,7.5,4.8,1.0,0.7,0.2,0.4,0.632,0.38799999999999996,0.8240000000000001,9.5
TADAS,SEDEKERSKIS,Baskonia Vitoria-Gasteiz,EuroLeague,25.0,24.41133333333333,7.4,4.8,1.7,0.3,0.2,0.9,0.605,0.444,0.743,11.5
GEORGIOS,PAPAGIANNIS,AS Monaco,EuroLeague,29.0,16.508045977011495,7.3,3.4,0.5,0.5,1.3,0.6,0.667,0.39299999999999996,0.9,8.8
JUSTIN,ANDERSON,FC Barcelona,EuroLeague,37.0,19.57072072072072,7.1,2.8,1.4,0.7,0.3,0.5,0.626,0.413,0.8809999999999999,8.5
KAMAR,BALDWIN,Baskonia Vitoria-Gasteiz,EuroLeague,25.0,21.412,7.1,1.7,3.7,0.9,0.2,0.9,0.43,0.303,0.8,6.4
LEANDRO,BOLMARO,EA7 Emporio Armani Milan,EuroLeague,25.0,22.40266666666667,6.9,2.4,3.1,1.1,0.2,1.2,0.509,0.222,0.674,8.8
ROLANDS,SMITS,Anadolu Efes Istanbul,EuroLeague,39.0,18.14145299145299,6.8,2.5,0.9,0.3,0.1,0.9,0.677,0.386,0.818,6.7
BONZIE,COLSON,Fenerbahce Beko Istanbul,EuroLeague,39.0,18.449572649572648,6.7,3.5,0.5,0.6,0.3,0.8,0.478,0.35700000000000004,0.6579999999999999,6.8
SERGIO,LLULL,Real Madrid,EuroLeague,40.0,17.098333333333333,6.6,1.4,2.2,0.4,0.0,0.7,0.405,0.292,0.812,5.1
EDGARAS,ULANOVAS,Zalgiris Kaunas,EuroLeague,34.0,22.367156862745095,6.6,2.9,1.8,0.5,0.1,0.9,0.48100000000000004,0.39399999999999996,0.831,8.2
JOHANNES,VOIGTMANN,FC Bayern Munich,EuroLeague,36.0,23.64305555555556,6.5,4.9,2.4,0.5,0.2,1.5,0.602,0.349,0.69,9.2
ERCAN,OSMANI,Anadolu Efes Istanbul,EuroLeague,39.0,16.582905982905984,6.5,2.9,1.0,0.5,0.2,1.0,0.557,0.392,0.927,6.9
KEVARRIUS,HAYES,Paris Basketball,EuroLeague,38.0,20.226754385964917,6.5,4.6,0.5,1.0,0.8,0.9,0.619,0.0,0.7829999999999999,9.0
NIELS,GIFFEY,FC Bayern Munich,EuroLeague,25.0,18.192666666666668,6.4,1.8,0.9,0.2,0.2,0.8,0.545,0.579,0.778,5.3
DONATAS,MOTIEJUNAS,AS Monaco,EuroLeague,29.0,14.729885057471265,6.4,3.1,0.9,0.3,0.3,0.9,0.593,0.474,0.5429999999999999,7.5
YAGO,DOS SANTOS,Crvena Zvezda Meridianbet Belgrade,EuroLeague,35.0,16.244761904761905,6.3,1.6,3.3,0.5,0.0,1.2,0.381,0.391,0.815,7.5
LORENZO,BROWN,Panathinaikos AKTOR Athens,EuroLeague,38.0,14.914473684210526,6.3,2.0,2.7,0.8,0.1,1.3,0.534,0.33299999999999996,0.805,7.6
MOUHAMET,DIOUF,Virtus Bologna,EuroLeague,31.0,15.853225806451611,6.2,3.1,0.4,0.6,0.4,0.7,0.6,0.0,0.701,7.9
SERGE,IBAKA,Real Madrid,EuroLeague,29.0,12.317816091954022,6.2,3.2,0.7,0.2,0.5,1.2,0.632,0.317,0.75,6.0
MARCO,BELINELLI,Virtus Bologna,EuroLeague,30.0,13.73611111111111,6.2,0.5,0.9,0.3,0.0,0.6,0.45299999999999996,0.294,0.818,2.5
KONSTANTINOS,MITOGLOU,Panathinaikos AKTOR Athens,EuroLeague,39.0,16.146153846153847,6.0,2.9,0.6,0.5,0.1,0.6,0.5329999999999999,0.431,0.667,5.6
WENYEN,GABRIEL,Maccabi Rapyd Tel Aviv;Panathinaikos AKTOR Athens,EuroLeague,32.0,16.525520833333335,6.0,3.9,0.7,0.6,0.9,1.2,0.6409999999999999,0.0,0.41100000000000003,7.0
TOMAS,SATORANSKY,FC Barcelona,EuroLeague,39.0,23.705128205128204,5.9,3.2,5.3,0.9,0.1,1.8,0.5,0.34700000000000003,0.675,9.7
ALBERTO,ABALDE,Real Madrid,EuroLeague,39.0,18.87136752136752,5.9,2.4,1.7,0.5,0.0,0.5,0.589,0.46,0.885,6.6
ARTURS,ZAGARS,Fenerbahce Beko Istanbul,EuroLeague,22.0,14.91439393939394,5.9,1.1,2.3,0.4,0.0,1.3,0.429,0.324,0.75,5.8
DOVYDAS,GIEDRAITIS,Zalgiris Kaunas,EuroLeague,30.0,24.011666666666667,5.8,1.8,1.9,0.6,0.1,1.1,0.46799999999999997,0.391,0.7859999999999999,4.5
MOUSTAPHA,FALL,Olympiacos Piraeus,EuroLeague,35.0,17.37238095238095,5.8,2.9,1.9,0.3,0.8,0.9,0.737,0.0,0.41200000000000003,8.3
MALTE,DELOW,ALBA Berlin,EuroLeague,23.0,18.19855072463768,5.7,2.7,1.6,0.8,0.2,0.7,0.62,0.196,0.773,5.9
WILL,MCDOWELL-WHITE,ALBA Berlin,EuroLeague,22.0,19.05227272727273,5.7,1.7,3.8,0.6,0.1,1.3,0.5529999999999999,0.359,1.0,7.0
LUKA,MITROVIC,Crvena Zvezda Meridianbet Belgrade,EuroLeague,25.0,12.543333333333331,5.6,2.9,1.0,0.2,0.2,1.0,0.65,0.0,0.6729999999999999,7.4
LOUIS,OLINDE,ALBA Berlin,EuroLeague,23.0,19.06376811594203,5.6,2.8,1.1,0.3,0.5,0.8,0.672,0.196,0.75,5.1
TIM,SCHNEIDER,ALBA Berlin,EuroLeague,32.0,19.616666666666667,5.6,3.3,0.4,0.4,0.2,0.9,0.562,0.292,0.5760000000000001,4.5
SERTAC,SANLI,Fenerbahce Beko Istanbul,EuroLeague,33.0,13.07020202020202,5.5,2.4,0.7,0.4,0.5,0.6,0.618,0.361,0.78,5.3
MELVIN,AJINCA,LDLC ASVEL Villeurbanne,EuroLeague,27.0,14.42777777777778,5.4,1.2,0.3,0.1,0.0,0.6,0.5,0.42700000000000005,0.909,2.7
ALESSANDRO,PAJOLA,Virtus Bologna,EuroLeague,30.0,23.61555555555556,5.4,2.4,4.1,1.2,0.1,1.3,0.49,0.348,0.792,7.2
LAURYNAS,BIRUTIS,Zalgiris Kaunas,EuroLeague,34.0,13.02156862745098,5.3,2.7,0.4,0.1,0.5,0.7,0.635,0.0,0.596,5.4
XAVIER,RATHAN-MAYES,Real Madrid,EuroLeague,23.0,11.970289855072464,5.3,0.9,1.4,0.5,0.0,1.1,0.515,0.35700000000000004,0.632,3.9
SHAQUILLE,HARRISON,LDLC ASVEL Villeurbanne,EuroLeague,34.0,16.351470588235294,5.2,1.6,1.6,1.1,0.2,1.1,0.483,0.41700000000000004,0.5710000000000001,4.4
JOHN,DIBARTOLOMEO,Maccabi Rapyd Tel Aviv,EuroLeague,33.0,17.421212121212122,5.2,1.9,0.7,0.7,0.0,0.2,0.33299999999999996,0.42700000000000005,0.889,5.2
JUAN,NUNEZ,FC Barcelona,EuroLeague,25.0,15.576666666666668,5.0,2.5,3.4,0.8,0.0,1.3,0.534,0.275,0.65,7.4
NICOLO,MELLI,Fenerbahce Beko Istanbul,EuroLeague,38.0,17.27675438596491,4.9,4.1,1.1,0.6,0.4,0.7,0.619,0.373,0.607,6.8
JOEL,PARRA,FC Barcelona,EuroLeague,31.0,14.97956989247312,4.9,2.8,0.6,0.6,0.1,0.4,0.586,0.239,0.773,5.5
OSCAR,DA SILVA,FC Bayern Munich,EuroLeague,25.0,15.460666666666668,4.8,3.1,0.5,0.5,0.2,0.8,0.652,0.316,0.684,5.6
KOSTAS,PAPANIKOLAOU,Olympiacos Piraeus,EuroLeague,38.0,18.76885964912281,4.8,2.8,2.1,0.6,0.3,0.8,0.574,0.34,0.6920000000000001,6.2
ANDRES,FELIZ,Real Madrid,EuroLeague,33.0,14.193939393939392,4.8,1.8,1.6,0.7,0.1,0.7,0.544,0.292,0.621,4.8
ACHILLE,POLONARA,Virtus Bologna,EuroLeague,33.0,16.242929292929293,4.8,2.8,0.9,0.5,0.4,0.5,0.561,0.276,0.795,6.0
ROKAS,GIEDRAITIS,Crvena Zvezda Meridianbet Belgrade,EuroLeague,34.0,15.800980392156864,4.8,2.0,0.8,0.7,0.1,0.3,0.518,0.353,0.727,5.0
LUCA,VILDOZA,Olympiacos Piraeus,EuroLeague,33.0,17.671212121212122,4.8,1.5,2.7,0.7,0.1,1.0,0.48700000000000004,0.368,0.8240000000000001,5.2
ALEX,ABRINES,FC Barcelona,EuroLeague,37.0,17.006756756756758,4.5,2.1,0.7,0.5,0.1,0.3,0.5,0.379,0.9129999999999999,4.2
YAKUBA,OUATTARA,Paris Basketball,EuroLeague,35.0,14.864285714285714,4.5,1.8,0.3,0.4,0.1,0.5,0.49200000000000005,0.304,1.0,2.6
ARNAS,BUTKEVICIUS,Zalgiris Kaunas,EuroLeague,33.0,22.01313131313131,4.5,3.7,1.2,1.0,0.3,0.7,0.465,0.38,0.743,6.5
VITTO,BROWN,AS Monaco,EuroLeague,23.0,13.681884057971017,4.4,2.5,0.7,0.4,0.2,0.5,0.5,0.27899999999999997,0.8,4.4
DAVID,LIGHTY,LDLC ASVEL Villeurbanne,EuroLeague,33.0,19.44242424242424,4.4,1.8,1.0,0.5,0.1,0.6,0.436,0.406,0.778,3.2
YOUSSOUPHA,FALL,FC Barcelona,EuroLeague,29.0,10.44425287356322,4.4,3.3,0.0,0.1,0.2,0.9,0.701,0.0,0.667,5.2
DANKO,BRANKOVIC,FC Bayern Munich,EuroLeague,26.0,9.12948717948718,4.3,2.2,0.2,0.3,0.5,0.5,0.677,0.25,0.767,4.6
ELIAS,RAPIEQUE,ALBA Berlin,EuroLeague,27.0,15.05493827160494,4.2,2.1,1.3,0.6,0.0,1.0,0.541,0.16699999999999998,0.556,2.6
KHALIFA,DIOP,Baskonia Vitoria-Gasteiz,EuroLeague,32.0,14.4609375,4.1,3.6,0.5,0.3,0.5,0.7,0.629,0.0,0.528,5.8
BRYANT,DUNSTON,Zalgiris Kaunas,EuroLeague,34.0,15.699019607843136,4.1,3.3,0.9,0.5,0.5,0.6,0.624,0.0,0.639,5.4
ELIAS,HARRIS,FC Bayern Munich,EuroLeague,28.0,9.81904761904762,4.1,1.5,0.5,0.1,0.0,0.3,0.65,0.16699999999999998,0.892,4.4
THOMAS,WALKUP,Olympiacos Piraeus,EuroLeague,26.0,20.231410256410257,4.0,2.3,4.6,1.0,0.1,1.5,0.5,0.34,0.615,7.2
USMAN,GARUBA,Real Madrid,EuroLeague,27.0,14.096913580246914,3.9,3.1,0.6,0.6,0.4,0.6,0.655,0.235,0.5,3.8
ISIAHA,MIKE,Partizan Mozzart Bet Belgrade,EuroLeague,23.0,15.357971014492756,3.9,2.4,0.7,0.6,0.1,0.6,0.632,0.256,0.579,4.0
ALEKSEJ,POKUSEVSKI,Partizan Mozzart Bet Belgrade,EuroLeague,27.0,12.784567901234569,3.9,2.2,1.2,0.6,1.0,0.5,0.609,0.295,0.6920000000000001,4.7
DEJAN,DAVIDOVAC,Crvena Zvezda Meridianbet Belgrade,EuroLeague,28.0,12.549404761904762,3.8,1.8,0.5,0.4,0.2,0.3,0.659,0.4,0.821,4.4
TARIK,BLACK,LDLC ASVEL Villeurbanne,EuroLeague,28.0,10.33095238095238,3.7,2.3,0.4,0.1,0.1,1.1,0.6829999999999999,0.0,0.579,3.2
EDWIN,JACKSON,LDLC ASVEL Villeurbanne,EuroLeague,22.0,15.02727272727273,3.6,1.5,0.6,0.2,0.0,0.5,0.462,0.25,1.0,1.8
GIAMPAOLO,RICCI,EA7 Emporio Armani Milan,EuroLeague,32.0,15.1125,3.6,2.5,0.4,0.4,0.2,0.4,0.652,0.44799999999999995,1.0,3.2
ELI,NDIAYE,Real Madrid,EuroLeague,25.0,13.978,3.6,2.4,0.5,0.6,0.1,0.2,0.545,0.341,0.667,4.2
OGNJEN,DOBRIC,Crvena Zvezda Meridianbet Belgrade,EuroLeague,27.0,11.079629629629627,3.5,1.1,0.4,0.5,0.1,0.6,0.605,0.289,0.75,2.3
KHEM,BIRCH,Fenerbahce Beko Istanbul,EuroLeague,36.0,13.665277777777778,3.5,3.7,0.6,0.4,0.4,0.9,0.585,0.0,0.725,5.2
RAYJON,TUCKER,Virtus Bologna,EuroLeague,23.0,9.835507246376812,3.4,1.0,0.3,0.4,0.0,0.8,0.444,0.29600000000000004,0.852,2.9
DYSHAWN,PIERRE,Fenerbahce Beko Istanbul,EuroLeague,25.0,11.550666666666666,3.3,2.0,0.8,0.3,0.2,0.4,0.5,0.36700000000000005,0.941,4.8
BRADY,MANEK,Zalgiris Kaunas,EuroLeague,24.0,8.936111111111112,3.3,1.2,0.3,0.2,0.0,0.3,0.43799999999999994,0.375,0.5,1.9
MATTHEW,MITCHELL,Zalgiris Kaunas,EuroLeague,29.0,14.378160919540228,3.2,2.3,0.9,0.3,0.0,0.8,0.44299999999999995,0.16699999999999998,0.759,2.7
STEFANO,TONUT,EA7 Emporio Armani Milan,EuroLeague,27.0,15.406172839506173,3.2,1.9,1.1,0.3,0.1,0.3,0.556,0.452,0.556,4.5
DEREK,WILLIS,Anadolu Efes Istanbul,EuroLeague,27.0,11.52716049382716,3.1,2.4,0.4,0.4,0.3,0.5,0.5589999999999999,0.314,0.667,4.4
BANDJA,SY,Paris Basketball,EuroLeague,35.0,13.516190476190475,3.1,2.1,0.4,0.4,0.3,0.5,0.5710000000000001,0.45799999999999996,0.625,3.4
IVAN,KHARCHENKOV,FC Bayern Munich,EuroLeague,23.0,7.017391304347826,2.9,0.7,0.5,0.2,0.1,0.9,0.594,0.28600000000000003,0.588,1.2
IOANNIS,PAPAPETROU,Panathinaikos AKTOR Athens,EuroLeague,26.0,10.573717948717947,2.8,1.0,0.4,0.4,0.1,0.5,0.595,0.222,0.5710000000000001,2.3
LEOPOLD,CAVALIERE,Paris Basketball,EuroLeague,36.0,10.934722222222222,2.8,2.7,0.4,0.2,0.0,0.5,0.649,0.4,0.727,3.7
JAKE,COHEN,Maccabi Rapyd Tel Aviv,EuroLeague,23.0,9.506521739130434,2.8,1.5,0.4,0.1,0.0,0.6,0.5710000000000001,0.33299999999999996,1.0,2.6
GUGLIELMO,CARUSO,EA7 Emporio Armani Milan,EuroLeague,22.0,7.782575757575757,2.6,1.5,0.3,0.2,0.5,0.4,0.758,0.0,0.667,2.7
WILLIAM,RAYMAN,Maccabi Rapyd Tel Aviv,EuroLeague,33.0,11.39090909090909,2.6,3.1,0.2,0.2,0.1,0.2,0.4,0.4,0.75,3.3
DANIEL,HACKETT,Virtus Bologna,EuroLeague,31.0,15.51774193548387,2.5,2.0,1.7,0.4,0.0,0.9,0.382,0.361,0.857,2.9
JONAS,MATTISSECK,ALBA Berlin,EuroLeague,29.0,13.328735632183909,2.4,0.8,0.5,0.5,0.0,0.3,0.368,0.23,0.857,0.4
TERRY,TARPEY,AS Monaco,EuroLeague,23.0,11.567391304347826,2.2,2.3,0.4,1.0,0.3,0.0,0.5329999999999999,0.381,0.733,4.0
OGNJEN,JARAMAZ,Baskonia Vitoria-Gasteiz,EuroLeague,22.0,10.112121212121211,2.0,0.5,1.6,0.5,0.0,0.6,0.29,0.231,0.636,1.4
HUGO,GONZALEZ,Real Madrid,EuroLeague,30.0,7.545555555555556,1.9,1.3,0.3,0.1,0.3,0.5,0.35700000000000004,0.33299999999999996,0.688,1.2
PANAGIOTIS,KALAITZAKIS,Panathinaikos AKTOR Athens,EuroLeague,32.0,7.355729166666666,1.8,0.8,0.4,0.5,0.0,0.3,0.552,0.19,0.722,1.3
LEON,KRATZER,Paris Basketball,EuroLeague,27.0,9.522222222222224,0.6,2.4,0.2,0.3,0.3,0.8,0.33299999999999996,0.0,0.6,0.1
